Name,x (km),y (km),z (km),vx (km/s),vy (km/s),vz (km/s),m (kg),radius (km),Parent,Eccentricity,Periapsis distance,Inclination,Longitude of Ascending Node,Argument of Perifocus,Time of periapsis,Mean motion,Mean anomaly,True anomaly,Semi-major axis,Apoapsis distance,Sidereal orbit period
Sun,0.000000000000000E+00,0.000000000000000E+00,0.000000000000000E+00,0.000000000000000E+00,0.000000000000000E+00,0.000000000000000E+00,1.99E+30,696340,,0,0,0,0,0,0,0,0,0,0,0,0
Mercury,-5.671193615988735E+07,-3.227251209672350E+07,2.583296735726040E+06,1.388030865975940E+01,-4.032390841463938E+01,-4.567160923750894E+00,3.30E+23,2439.7,Sun,2.027336414218086E-01,4.750123981376935E+07,7.010022302756398E+00,4.842445635599601E+01,3.297383846328761E+01,2.460738964689463E+06,4.541687659765325E-05,1.080490579828687E+02,1.281127567120454E+02,5.958013818428375E+07,7.165903655479816E+07,7.926568865341164E+06
Venus,-1.039326720916525E+08,-3.187005740943382E+07,5.551106734133117E+06,9.885723304837379E+00,-3.369401290966694E+01,-1.032687053337243E+00,4.87E+24,6051.8,Sun,1.518559165397948E-02,1.083732490598471E+08,3.390264811874297E+00,7.658680439054915E+01,7.538034981147557E+01,2.460738471761984E+06,1.809324602249649E-05,4.381532403807054E+01,4.503671492846262E+01,1.100443374319210E+08,1.117154258039948E+08,1.989692725961881E+07
Earth,-1.474114613044819E+08,-2.972578730668059E+07,2.745063093019836E+04,5.306839723370035E+00,-2.934993232297309E+01,6.693785809943620E-04,5.97E+24,6371.0,Sun,2.117540751787862E-02,1.481809548205310E+08,1.051414931850232E-02,1.072739470150967E+02,1.129655537235035E+01,2.460693708507341E+06,1.121337644086388E-05,7.052299852666494E+01,7.283040263085061E+01,1.513866283690023E+08,1.545923019174736E+08,3.210451391679716E+07
Moon,-1.471660130896692E+08,-2.946233624390671E+07,5.289107585630007E+04,4.533176913775855E+00,-2.858677469962307E+01,6.725183765165710E-02,7.35E+22,1737.4,Earth,6.869496545498911E-02,3.577977355248218E+05,5.269325063425348E+00,3.570224177573581E+02,1.981574037778713E+01,2.460764492767834E+06,1.528367126263339E-04,2.650568535529925E+01,3.030732765363497E+01,3.841896288036539E+05,4.105815220824860E+05,2.355455006940340E+06
Mars,-2.145953111232504E+08,1.266512112612688E+08,7.939425621251538E+06,-1.148153686680200E+01,-1.874941366896797E+01,-1.111751414588387E-01,6.42E+23,3389.5,Sun,9.453233828602074E-02,2.065030058514913E+08,1.852659238004868E+00,4.952403894628112E+01,2.888177231761055E+02,2.460443379044824E+06,6.064419995474774E-06,1.693043580837510E+02,1.711046297742193E+02,2.280622650405839E+08,2.496215242296765E+08,5.936264313300025E+07
Jupiter,5.543705768794881E+07,7.620296282600125E+08,-4.400748237416446E+06,-1.318182239145089E+01,1.572192901176178E+00,2.885060369130182E-01,1.90E+27,69911,Sun,4.884744345854122E-02,7.390264146842569E+08,1.303951061987937E+00,1.004967782642378E+02,2.725923009788654E+02,2.459955725048267E+06,9.630162879737870E-07,6.746021145212920E+01,7.274639470910196E+01,7.769798962339691E+08,8.149333777836813E+08,3.738254528980501E+08
Saturn,1.422232874477568E+09,-1.907185789783441E+08,-5.331045504162484E+07,7.466654196823925E-01,9.554030161946484E+00,-1.960083815552225E-01,5.68E+26,58232,Sun,5.484434425682925E-02,1.348587019056280E+09,2.488217484515546E+00,1.136098408158131E+02,3.385758924100877E+02,2.463562154684175E+06,3.873648464226762E-07,2.664341267858152E+02,2.602005442602375E+02,1.426841188392290E+09,1.505095357728299E+09,9.293564021738389E+08
Titan,1.421787721861711E+09,-1.917156604354737E+08,-5.275190739154144E+07,5.951711470718787E+00,7.676884294391810E+00,2.538506864185868E-01,1.35E+23,2575.5,Saturn,2.874924015836134E-02,1.186825592644049E+06,2.771087892749875E+01,1.690730710917490E+02,1.773968515758122E+02,2.460770743981180E+06,2.612697044570638E-04,2.641976315819392E+02,2.609337217565857E+02,1.221955896165847E+06,1.257086199687644E+06,1.377886505242177E+06
Uranus,1.615976888879250E+09,2.434176310227056E+09,-1.189478209689093E+07,-5.723661504149057E+00,3.449051233303488E+00,8.671510810638172E-02,8.68E+25,25362,Sun,4.727801620975868E-02,2.734734728217838E+09,7.701209447514793E-01,7.405087669682523E+01,9.707762446430554E+01,2.470116992286368E+06,1.358056063695182E-07,2.502850226569556E+02,2.452910097034206E+02,2.870443607628496E+09,3.006152487039154E+09,2.650847852484555E+09
Neptune,4.469540357827111E+09,-5.309854693989044E+07,-1.019116933726746E+08,2.794039452517386E-02,5.466848606800432E+00,-1.128524365224877E-01,1.02E+26,24622,Sun,8.779623070225175E-03,4.459053527289889E+09,1.767614073273653E+00,1.316899154143314E+02,2.738113195649549E+02,2.468365440649476E+06,6.921933573604198E-08,3.145541508817054E+02,3.138316954555068E+02,4.498549092686583E+09,4.538044658083276E+09,5.200858924344614E+09
